{
  "baseline": {
    "model": "models/quickdraw_model.tflite",
    "size_mb": 98.48880767822266,
    "stats": {
      "mean": 4.4012789549015,
      "std": 0.0624796333661482,
      "min": 4.276669998944271,
      "max": 4.60987300175475,
      "p50": 4.3912069995712955,
      "p95": 4.521819897672685,
      "p99": 4.596816022021812
    },
    "model_info": {
      "input_shape": [
        1,
        128,
        128,
        1
      ],
      "input_dtype": "<class 'numpy.float32'>",
      "output_shape": [
        1,
        1
      ],
      "output_dtype": "<class 'numpy.float32'>"
    }
  },
  "quantized": {
    "model": "models/quickdraw_model_int8.tflite",
    "size_mb": 24.644027709960938,
    "stats": {
      "mean": 1.4720103601212031,
      "std": 0.05044627147292893,
      "min": 1.3322470003913622,
      "max": 1.6096250001282897,
      "p50": 1.4689995005028322,
      "p95": 1.5590813489325228,
      "p99": 1.5987472301640082
    }
  }
}